Workbook

Sheet Instructions
A1: SEN0414 GRADING SPREADSHEET - WITH FORMULAS
A3: HOW TO USE THIS SPREADSHEET:
A5: 1. YELLOW CELLS = Input cells (you can edit these)
A6: 2. BLUE CELLS = Formula cells (auto-calculated, do not edit)
A7: 3. GREEN CELLS = Bonus points (optional theme integration)
A9: WORKFLOW:
A10: Step 1: Go to 'Team Grading' sheet and adjust scores in YELLOW cells
A11: Step 2: Go to 'Personal Grading' sheet and adjust individual scores
A12: Step 3: View 'Final Summary' for automatic ranking
A14: RUBRIC (100 Base + 10 Bonus):
A15: PRIMARY (60 points) - Python & Project Quality:
A16: • Technical Implementation: 0-20
... A43: Bonus

Sheet Team Grading
A1: TEAM PROJECT GRADING - EDITABLE WITH FORMULAS
A2: Yellow = Input cells (edit these) | Blue = Formula cells (auto-calculated)
A4: Team | B4: Project | C4: Members | D4: Tech (20) | E4: Python (20) | F4: RealWorld (20) | G4: GitHub (8) | H4: Report (12) | I4: Test (8) | J4: Demo (12) | K4: PRIMARY (60) | L4: SUPPORT (40) | M4: BASE (100) | N4: AI4SE (+4) | O4: Block (+3) | P4: Gami (+3) | Q4: BONUS (+10) | R4: RAW | S4: Sim% | T4: Factor | U4: FINAL | V4: Grade
A5: 7 | B5: AI Code Review Agent | C5: Gümüştepe | D5: 18 | E5: 19 | F5: 18 | G5: 8 | H5: 15 | I5: 8 | J5: 12 | K5: =D5+E5+F5 -> 55 | L5: =G5+H5+I5+J5 -> 43 | M5: =K5+L5 -> 98 | N5: 4 | O5: 0 | P5: 0 | Q5: =N5+O5+P5 -> 4 | R5: =M5+Q5 -> 102 | S5: 95 | T5: =IF(S5>=85,1,IF(S5>=70,0.95,IF(S5>=50,0.8,0.5))) -> 1 | U5: =ROUND(R5*T5,0) -> 102 | V5: =IF(U5>=90,"A",IF(U5>=85,"B+",IF(U5>=80,"B",IF(U5>=75,"B-",IF(U5>=70,"C+",IF(U5>=65,"C",IF(U5>=55,"C-","F"))))))) -> A
A6: 4 | B6: AI Test Generation | C6: Kılıç | D6: 17 | E6: 18 | F6: 17 | G6: 7 | H6: 14 | I6: 6 | J6: 11 | K6: =D6+E6+F6 -> 52 | L6: =G6+H6+I6+J6 -> 38 | M6: =K6+L6 -> 90 | N6: 4 | O6: 0 | P6: 0 | Q6: =N6+O6+P6 -> 4 | R6: =M6+Q6 -> 94 | S6: 92 | T6: =IF(S6>=85,1,IF(S6>=70,0.95,IF(S6>=50,0.8,0.5))) -> 1 | U6: =ROUND(R6*T6,0) -> 94 | V6: =IF(U6>=90,"A",IF(U6>=85,"B+",IF(U6>=80,"B",IF(U6>=75,"B-",IF(U6>=70,"C+",IF(U6>=65,"C",IF(U6>=55,"C-","F"))))))) -> A
A7: 11 | B7: AI Risk Management | C7: Berker, Gökçe | D7: 15 | E7: 16 | F7: 15 | G7: 6 | H7: 13 | I7: 7 | J7: 10 | K7: =D7+E7+F7 -> 46 | L7: =G7+H7+I7+J7 -> 36 | M7: =K7+L7 -> 82 | N7: 4 | O7: 0 | P7: 0 | Q7: =N7+O7+P7 -> 4 | R7: =M7+Q7 -> 86 | S7: 90 | T7: =IF(S7>=85,1,IF(S7>=70,0.95,IF(S7>=50,0.8,0.5))) -> 1 | U7: =ROUND(R7*T7,0) -> 86 | V7: =IF(U7>=90,"A",IF(U7>=85,"B+",IF(U7>=80,"B",IF(U7>=75,"B-",IF(U7>=70,"C+",IF(U7>=65,"C",IF(U7>=55,"C-","F"))))))) -> B+
A8: 2 | B8: Blockchain AI Auditor | C8: Okutay, Sevük, Polat | D8: 16 | E8: 15 | F8: 14 | G8: 4 | H8: 11 | I8: 4 | J8: 10 | K8: =D8+E8+F8 -> 45 | L8: =G8+H8+I8+J8 -> 29 | M8: =K8+L8 -> 74 | N8: 4 | O8: 3 | P8: 0 | Q8: =N8+O8+P8 -> 7 | R8: =M8+Q8 -> 81 | S8: 90 | T8: =IF(S8>=85,1,IF(S8>=70,0.95,IF(S8>=50,0.8,0.5))) -> 1 | U8: =ROUND(R8*T8,0) -> 81 | V8: =IF(U8>=90,"A",IF(U8>=85,"B+",IF(U8>=80,"B",IF(U8>=75,"B-",IF(U8>=70,"C+",IF(U8>=65,"C",IF(U8>=55,"C-","F"))))))) -> B
A9: 5 | B9: AI Python Learner | C9: Aka, Darendeli | D9: 14 | E9: 14 | F9: 16 | G9: 2 | H9: 12 | I9: 5 | J9: 12 | K9: =D9+E9+F9 -> 44 | L9: =G9+H9+I9+J9 -> 31 | M9: =K9+L9 -> 75 | N9: 4 | O9: 0 | P9: 2 | Q9: =N9+O9+P9 -> 6 | R9: =M9+Q9 -> 81 | S9: 88 | T9: =IF(S9>=85,1,IF(S9>=70,0.95,IF(S9>=50,0.8,0.5))) -> 1 | U9: =ROUND(R9*T9,0) -> 81 | V9: =IF(U9>=90,"A",IF(U9>=85,"B+",IF(U9>=80,"B",IF(U9>=75,"B-",IF(U9>=70,"C+",IF(U9>=65,"C",IF(U9>=55,"C-","F"))))))) -> B
A10: 1 | B10: AI Test Generation | C10: Sezer, Vardar | D10: 14 | E10: 17 | F10: 14 | G10: 2 | H10: 10 | I10: 6 | J10: 10 | K10: =D10+E10+F10 -> 45 | L10: =G10+H10+I10+J10 -> 28 | M10: =K10+L10 -> 73 | N10: 2 | O10: 0 | P10: 0 | Q10: =N10+O10+P10 -> 2 | R10: =M10+Q10 -> 75 | S10: 90 | T10: =IF(S10>=85,1,IF(S10>=70,0.95,IF(S10>=50,0.8,0.5))) -> 1 | U10: =ROUND(R10*T10,0) -> 75 | V10: =IF(U10>=90,"A",IF(U10>=85,"B+",IF(U10>=80,"B",IF(U10>=75,"B-",IF(U10>=70,"C+",IF(U10>=65,"C",IF(U10>=55,"C-","F"))))))) -> B-
A11: 3 | B11: AI Test Generator | C11: Ahmad, Mohtishum | D11: 13 | E11: 13 | F11: 14 | G11: 5 | H11: 11 | I11: 4 | J11: 10 | K11: =D11+E11+F11 -> 40 | L11: =G11+H11+I11+J11 -> 30 | M11: =K11+L11 -> 70 | N11: 3 | O11: 0 | P11: 0 | Q11: =N11+O11+P11 -> 3 | R11: =M11+Q11 -> 73 | S11: 90 | T11: =IF(S11>=85,1,IF(S11>=70,0.95,IF(S11>=50,0.8,0.5))) -> 1 | U11: =ROUND(R11*T11,0) -> 73 | V11: =IF(U11>=90,"A",IF(U11>=85,"B+",IF(U11>=80,"B",IF(U11>=75,"B-",IF(U11>=70,"C+",IF(U11>=65,"C",IF(U11>=55,"C-","F"))))))) -> C+
A12: 8 | B12: AI Code Review Agent | C12: Başlar | D12: 16 | E12: 16 | F12: 15 | G12: 7 | H12: 13 | I12: 7 | J12: 11 | K12: =D12+E12+F12 -> 47 | L12: =G12+H12+I12+J12 -> 38 | M12: =K12+L12 -> 85 | N12: 4 | O12: 0 | P12: 0 | Q12: =N12+O12+P12 -> 4 | R12: =M12+Q12 -> 89 | S12: 55 | T12: =IF(S12>=85,1,IF(S12>=70,0.95,IF(S12>=50,0.8,0.5))) -> 0.8 | U12: =ROUND(R12*T12,0) -> 71 | V12: =IF(U12>=90,"A",IF(U12>=85,"B+",IF(U12>=80,"B",IF(U12>=75,"B-",IF(U12>=70,"C+",IF(U12>=65,"C",IF(U12>=55,"C-","F"))))))) -> C+
A13: 9 | B13: AI Code Review | C13: Yassın | D13: 12 | E13: 12 | F13: 13 | G13: 2 | H13: 10 | I13: 3 | J13: 10 | K13: =D13+E13+F13 -> 37 | L13: =G13+H13+I13+J13 -> 25 | M13: =K13+L13 -> 62 | N13: 3 | O13: 0 | P13: 0 | Q13: =N13+O13+P13 -> 3 | R13: =M13+Q13 -> 65 | S13: 85 | T13: =IF(S13>=85,1,IF(S13>=70,0.95,IF(S13>=50,0.8,0.5))) -> 1 | U13: =ROUND(R13*T13,0) -> 65 | V13: =IF(U13>=90,"A",IF(U13>=85,"B+",IF(U13>=80,"B",IF(U13>=75,"B-",IF(U13>=70,"C+",IF(U13>=65,"C",IF(U13>=55,"C-","F"))))))) -> C
A14: 10 | B14: Multi-Agent Review | C14: Bahtiyar | D14: 14 | E14: 14 | F14: 13 | G14: 6 | H14: 11 | I14: 5 | J14: 10 | K14: =D14+E14+F14 -> 41 | L14: =G14+H14+I14+J14 -> 32 | M14: =K14+L14 -> 73 | N14: 4 | O14: 0 | P14: 0 | Q14: =N14+O14+P14 -> 4 | R14: =M14+Q14 -> 77 | S14: 55 | T14: =IF(S14>=85,1,IF(S14>=70,0.95,IF(S14>=50,0.8,0.5))) -> 0.8 | U14: =ROUND(R14*T14,0) -> 62 | V14: =IF(U14>=90,"A",IF(U14>=85,"B+",IF(U14>=80,"B",IF(U14>=75,"B-",IF(U14>=70,"C+",IF(U14>=65,"C",IF(U14>=55,"C-","F"))))))) -> C-
A15: 6 | B15: AI Task Assistant | C15: Mansour | D15: 10 | E15: 11 | F15: 10 | G15: 2 | H15: 6 | I15: 2 | J15: 8 | K15: =D15+E15+F15 -> 31 | L15: =G15+H15+I15+J15 -> 18 | M15: =K15+L15 -> 49 | N15: 0 | O15: 0 | P15: 0 | Q15: =N15+O15+P15 -> 0 | R15: =M15+Q15 -> 49 | S15: 20 | T15: =IF(S15>=85,1,IF(S15>=70,0.95,IF(S15>=50,0.8,0.5))) -> 0.5 | U15: =ROUND(R15*T15,0) -> 25 | V15: =IF(U15>=90,"A",IF(U15>=85,"B+",IF(U15>=80,"B",IF(U15>=75,"B-",IF(U15>=70,"C+",IF(U15>=65,"C",IF(U15>=55,"C-","F"))))))) -> F
A16: NEW | B16: AI Agent | C16: Işık | D16: 10 | E16: 10 | F16: 8 | G16: 4 | H16: 4 | I16: 2 | J16: 8 | K16: =D16+E16+F16 -> 28 | L16: =G16+H16+I16+J16 -> 18 | M16: =K16+L16 -> 46 | N16: 2 | O16: 0 | P16: 0 | Q16: =N16+O16+P16 -> 2 | R16: =M16+Q16 -> 48 | S16: 20 | T16: =IF(S16>=85,1,IF(S16>=70,0.95,IF(S16>=50,0.8,0.5))) -> 0.5 | U16: =ROUND(R16*T16,0) -> 24 | V16: =IF(U16>=90,"A",IF(U16>=85,"B+",IF(U16>=80,"B",IF(U16>=75,"B-",IF(U16>=70,"C+",IF(U16>=65,"C",IF(U16>=55,"C-","F"))))))) -> F

Sheet Personal Grading
A1: INDIVIDUAL STUDENT GRADING - WITH FORMULAS
A2: Formula: FINAL = (Team Grade × 0.5) + (Personal Normalized × 0.5)
A4: Student | B4: Team Row | C4: Team Final | D4: Demo (20) | E4: Code (20) | F4: Q&A (20) | G4: Part (10) | H4: Peer (10) | I4: Pers (80) | J4: Pers Norm | K4: FINAL | L4: Grade | M4: Status | N4: Notes
A5: Hüseyin Gümüştepe | B5: 5 | C5: ='Team Grading'!U5 -> 102 | D5: 20 | E5: 20 | F5: 18 | G5: 10 | H5: 10 | I5: =D5+E5+F5+G5+H5 -> 78 | J5: =ROUND((I5/80)*100,0) -> 98 | K5: =ROUND((C5*0.5)+(J5*0.5),0) -> 100 | L5: =IF(K5>=90,"A",IF(K5>=85,"B+",IF(K5>=80,"B",IF(K5>=75,"B-",IF(K5>=70,"C+",IF(K5>=65,"C",IF(K5>=55,"C-","F"))))))) -> A | M5: =IF(K5>=55,"PASS","FAIL") -> PASS | N5: Outstanding Python + AI
A6: Muhittin Efe Kılıç | B6: 6 | C6: ='Team Grading'!U6 -> 94 | D6: 18 | E6: 18 | F6: 17 | G6: 9 | H6: 9 | I6: =D6+E6+F6+G6+H6 -> 71 | J6: =ROUND((I6/80)*100,0) -> 89 | K6: =ROUND((C6*0.5)+(J6*0.5),0) -> 92 | L6: =IF(K6>=90,"A",IF(K6>=85,"B+",IF(K6>=80,"B",IF(K6>=75,"B-",IF(K6>=70,"C+",IF(K6>=65,"C",IF(K6>=55,"C-","F"))))))) -> A | M6: =IF(K6>=55,"PASS","FAIL") -> PASS | N6: Excellent multi-LLM
A7: Muhammed Berker | B7: 7 | C7: ='Team Grading'!U7 -> 86 | D7: 17 | E7: 16 | F7: 15 | G7: 8 | H7: 9 | I7: =D7+E7+F7+G7+H7 -> 65 | J7: =ROUND((I7/80)*100,0) -> 81 | K7: =ROUND((C7*0.5)+(J7*0.5),0) -> 84 | L7: =IF(K7>=90,"A",IF(K7>=85,"B+",IF(K7>=80,"B",IF(K7>=75,"B-",IF(K7>=70,"C+",IF(K7>=65,"C",IF(K7>=55,"C-","F"))))))) -> B | M7: =IF(K7>=55,"PASS","FAIL") -> PASS | N7: Strong AutoGen work
A8: Sude Gökçe | B8: 7 | C8: ='Team Grading'!U7 -> 86 | D8: 15 | E8: 14 | F8: 14 | G8: 8 | H8: 8 | I8: =D8+E8+F8+G8+H8 -> 59 | J8: =ROUND((I8/80)*100,0) -> 74 | K8: =ROUND((C8*0.5)+(J8*0.5),0) -> 80 | L8: =IF(K8>=90,"A",IF(K8>=85,"B+",IF(K8>=80,"B",IF(K8>=75,"B-",IF(K8>=70,"C+",IF(K8>=65,"C",IF(K8>=55,"C-","F"))))))) -> B | M8: =IF(K8>=55,"PASS","FAIL") -> PASS | N8: Good contribution
A9: Can Okutay | B9: 8 | C9: ='Team Grading'!U8 -> 81 | D9: 17 | E9: 16 | F9: 15 | G9: 8 | H9: 8 | I9: =D9+E9+F9+G9+H9 -> 64 | J9: =ROUND((I9/80)*100,0) -> 80 | K9: =ROUND((C9*0.5)+(J9*0.5),0) -> 81 | L9: =IF(K9>=90,"A",IF(K9>=85,"B+",IF(K9>=80,"B",IF(K9>=75,"B-",IF(K9>=70,"C+",IF(K9>=65,"C",IF(K9>=55,"C-","F"))))))) -> B | M9: =IF(K9>=55,"PASS","FAIL") -> PASS | N9: Lead dev, Gemini+Web3
A10: Faruk Sevük | B10: 8 | C10: ='Team Grading'!U8 -> 81 | D10: 14 | E10: 13 | F10: 13 | G10: 7 | H10: 7 | I10: =D10+E10+F10+G10+H10 -> 54 | J10: =ROUND((I10/80)*100,0) -> 68 | K10: =ROUND((C10*0.5)+(J10*0.5),0) -> 75 | L10: =IF(K10>=90,"A",IF(K10>=85,"B+",IF(K10>=80,"B",IF(K10>=75,"B-",IF(K10>=70,"C+",IF(K10>=65,"C",IF(K10>=55,"C-","F"))))))) -> B- | M10: =IF(K10>=55,"PASS","FAIL") -> PASS | N10: Support role
A11: Hamza Ali Polat | B11: 8 | C11: ='Team Grading'!U8 -> 81 | D11: 14 | E11: 13 | F11: 13 | G11: 7 | H11: 7 | I11: =D11+E11+F11+G11+H11 -> 54 | J11: =ROUND((I11/80)*100,0) -> 68 | K11: =ROUND((C11*0.5)+(J11*0.5),0) -> 75 | L11: =IF(K11>=90,"A",IF(K11>=85,"B+",IF(K11>=80,"B",IF(K11>=75,"B-",IF(K11>=70,"C+",IF(K11>=65,"C",IF(K11>=55,"C-","F"))))))) -> B- | M11: =IF(K11>=55,"PASS","FAIL") -> PASS | N11: Support role
A12: Salim Aka | B12: 9 | C12: ='Team Grading'!U9 -> 81 | D12: 17 | E12: 16 | F12: 15 | G12: 8 | H12: 9 | I12: =D12+E12+F12+G12+H12 -> 65 | J12: =ROUND((I12/80)*100,0) -> 81 | K12: =ROUND((C12*0.5)+(J12*0.5),0) -> 81 | L12: =IF(K12>=90,"A",IF(K12>=85,"B+",IF(K12>=80,"B",IF(K12>=75,"B-",IF(K12>=70,"C+",IF(K12>=65,"C",IF(K12>=55,"C-","F"))))))) -> B | M12: =IF(K12>=55,"PASS","FAIL") -> PASS | N12: Deployed application
A13: Berke Darendeli | B13: 9 | C13: ='Team Grading'!U9 -> 81 | D13: 16 | E13: 15 | F13: 14 | G13: 8 | H13: 8 | I13: =D13+E13+F13+G13+H13 -> 61 | J13: =ROUND((I13/80)*100,0) -> 76 | K13: =ROUND((C13*0.5)+(J13*0.5),0) -> 79 | L13: =IF(K13>=90,"A",IF(K13>=85,"B+",IF(K13>=80,"B",IF(K13>=75,"B-",IF(K13>=70,"C+",IF(K13>=65,"C",IF(K13>=55,"C-","F"))))))) -> B- | M13: =IF(K13>=55,"PASS","FAIL") -> PASS | N13: Team contribution
A14: Bilge Sezer | B14: 10 | C14: ='Team Grading'!U10 -> 75 | D14: 16 | E14: 17 | F14: 15 | G14: 8 | H14: 8 | I14: =D14+E14+F14+G14+H14 -> 64 | J14: =ROUND((I14/80)*100,0) -> 80 | K14: =ROUND((C14*0.5)+(J14*0.5),0) -> 78 | L14: =IF(K14>=90,"A",IF(K14>=85,"B+",IF(K14>=80,"B",IF(K14>=75,"B-",IF(K14>=70,"C+",IF(K14>=65,"C",IF(K14>=55,"C-","F"))))))) -> B- | M14: =IF(K14>=55,"PASS","FAIL") -> PASS | N14: AST expertise (advanced!)
A15: Azranur Vardar | B15: 10 | C15: ='Team Grading'!U10 -> 75 | D15: 14 | E15: 15 | F15: 13 | G15: 7 | H15: 8 | I15: =D15+E15+F15+G15+H15 -> 57 | J15: =ROUND((I15/80)*100,0) -> 71 | K15: =ROUND((C15*0.5)+(J15*0.5),0) -> 73 | L15: =IF(K15>=90,"A",IF(K15>=85,"B+",IF(K15>=80,"B",IF(K15>=75,"B-",IF(K15>=70,"C+",IF(K15>=65,"C",IF(K15>=55,"C-","F"))))))) -> C+ | M15: =IF(K15>=55,"PASS","FAIL") -> PASS | N15: GUI development
A16: Muneeb Ahmad | B16: 11 | C16: ='Team Grading'!U11 -> 73 | D16: 16 | E16: 15 | F16: 15 | G16: 8 | H16: 8 | I16: =D16+E16+F16+G16+H16 -> 62 | J16: =ROUND((I16/80)*100,0) -> 78 | K16: =ROUND((C16*0.5)+(J16*0.5),0) -> 76 | L16: =IF(K16>=90,"A",IF(K16>=85,"B+",IF(K16>=80,"B",IF(K16>=75,"B-",IF(K16>=70,"C+",IF(K16>=65,"C",IF(K16>=55,"C-","F"))))))) -> B- | M16: =IF(K16>=55,"PASS","FAIL") -> PASS | N16: Working system
A17: Ali Mohtishum | B17: 11 | C17: ='Team Grading'!U11 -> 73 | D17: 15 | E17: 14 | F17: 14 | G17: 8 | H17: 8 | I17: =D17+E17+F17+G17+H17 -> 59 | J17: =ROUND((I17/80)*100,0) -> 74 | K17: =ROUND((C17*0.5)+(J17*0.5),0) -> 74 | L17: =IF(K17>=90,"A",IF(K17>=85,"B+",IF(K17>=80,"B",IF(K17>=75,"B-",IF(K17>=70,"C+",IF(K17>=65,"C",IF(K17>=55,"C-","F"))))))) -> C+ | M17: =IF(K17>=55,"PASS","FAIL") -> PASS | N17: Team work
A18: Batuhan Başlar | B18: 12 | C18: ='Team Grading'!U12 -> 71 | D18: 15 | E18: 15 | F18: 14 | G18: 8 | H18: 8 | I18: =D18+E18+F18+G18+H18 -> 60 | J18: =ROUND((I18/80)*100,0) -> 75 | K18: =ROUND((C18*0.5)+(J18*0.5),0) -> 73 | L18: =IF(K18>=90,"A",IF(K18>=85,"B+",IF(K18>=80,"B",IF(K18>=75,"B-",IF(K18>=70,"C+",IF(K18>=65,"C",IF(K18>=55,"C-","F"))))))) -> C+ | M18: =IF(K18>=55,"PASS","FAIL") -> PASS | N18: Similarity penalty applied
A19: Yusuf Yassın | B19: 13 | C19: ='Team Grading'!U13 -> 65 | D19: 14 | E19: 14 | F19: 13 | G19: 7 | H19: 8 | I19: =D19+E19+F19+G19+H19 -> 56 | J19: =ROUND((I19/80)*100,0) -> 70 | K19: =ROUND((C19*0.5)+(J19*0.5),0) -> 68 | L19: =IF(K19>=90,"A",IF(K19>=85,"B+",IF(K19>=80,"B",IF(K19>=75,"B-",IF(K19>=70,"C+",IF(K19>=65,"C",IF(K19>=55,"C-","F"))))))) -> C | M19: =IF(K19>=55,"PASS","FAIL") -> PASS | N19: Solo project
A20: Sevval Bahtiyar | B20: 14 | C20: ='Team Grading'!U14 -> 62 | D20: 14 | E20: 13 | F20: 13 | G20: 7 | H20: 7 | I20: =D20+E20+F20+G20+H20 -> 54 | J20: =ROUND((I20/80)*100,0) -> 68 | K20: =ROUND((C20*0.5)+(J20*0.5),0) -> 65 | L20: =IF(K20>=90,"A",IF(K20>=85,"B+",IF(K20>=80,"B",IF(K20>=75,"B-",IF(K20>=70,"C+",IF(K20>=65,"C",IF(K20>=55,"C-","F"))))))) -> C | M20: =IF(K20>=55,"PASS","FAIL") -> PASS | N20: Similarity penalty applied
A21: Ahmad Mansour | B21: 15 | C21: ='Team Grading'!U15 -> 25 | D21: 10 | E21: 10 | F21: 8 | G21: 6 | H21: 6 | I21: =D21+E21+F21+G21+H21 -> 40 | J21: =ROUND((I21/80)*100,0) -> 50 | K21: =ROUND((C21*0.5)+(J21*0.5),0) -> 38 | L21: =IF(K21>=90,"A",IF(K21>=85,"B+",IF(K21>=80,"B",IF(K21>=75,"B-",IF(K21>=70,"C+",IF(K21>=65,"C",IF(K21>=55,"C-","F"))))))) -> F | M21: =IF(K21>=55,"PASS","FAIL") -> FAIL | N21: Basic Python, incomplete
A22: Harun Işık | B22: 16 | C22: ='Team Grading'!U16 -> 24 | D22: 10 | E22: 9 | F22: 8 | G22: 5 | H22: 5 | I22: =D22+E22+F22+G22+H22 -> 37 | J22: =ROUND((I22/80)*100,0) -> 46 | K22: =ROUND((C22*0.5)+(J22*0.5),0) -> 35 | L22: =IF(K22>=90,"A",IF(K22>=85,"B+",IF(K22>=80,"B",IF(K22>=75,"B-",IF(K22>=70,"C+",IF(K22>=65,"C",IF(K22>=55,"C-","F"))))))) -> F | M22: =IF(K22>=55,"PASS","FAIL") -> FAIL | N22: Template submission issue

Sheet Final Summary
A1: FINAL GRADE SUMMARY - AUTO-CALCULATED FROM OTHER SHEETS
A2: This sheet pulls data from Personal Grading. Edit scores there, results update here.
A4: # | B4: Student | C4: Team Final | D4: Personal | E4: FINAL | F4: Grade | G4: Status
A5: 1 | B5: ='Personal Grading'!A5 -> Hüseyin Gümüştepe | C5: ='Personal Grading'!C5 -> 102 | D5: ='Personal Grading'!J5 -> 98 | E5: ='Personal Grading'!K5 -> 100 | F5: ='Personal Grading'!L5 -> A | G5: ='Personal Grading'!M5 -> PASS
A6: 2 | B6: ='Personal Grading'!A6 -> Muhittin Efe Kılıç | C6: ='Personal Grading'!C6 -> 94 | D6: ='Personal Grading'!J6 -> 89 | E6: ='Personal Grading'!K6 -> 92 | F6: ='Personal Grading'!L6 -> A | G6: ='Personal Grading'!M6 -> PASS
A7: 3 | B7: ='Personal Grading'!A7 -> Muhammed Berker | C7: ='Personal Grading'!C7 -> 86 | D7: ='Personal Grading'!J7 -> 81 | E7: ='Personal Grading'!K7 -> 84 | F7: ='Personal Grading'!L7 -> B | G7: ='Personal Grading'!M7 -> PASS
A8: 4 | B8: ='Personal Grading'!A8 -> Sude Gökçe | C8: ='Personal Grading'!C8 -> 86 | D8: ='Personal Grading'!J8 -> 74 | E8: ='Personal Grading'!K8 -> 80 | F8: ='Personal Grading'!L8 -> B | G8: ='Personal Grading'!M8 -> PASS
A9: 5 | B9: ='Personal Grading'!A9 -> Can Okutay | C9: ='Personal Grading'!C9 -> 81 | D9: ='Personal Grading'!J9 -> 80 | E9: ='Personal Grading'!K9 -> 81 | F9: ='Personal Grading'!L9 -> B | G9: ='Personal Grading'!M9 -> PASS
A10: 6 | B10: ='Personal Grading'!A10 -> Faruk Sevük | C10: ='Personal Grading'!C10 -> 81 | D10: ='Personal Grading'!J10 -> 68 | E10: ='Personal Grading'!K10 -> 75 | F10: ='Personal Grading'!L10 -> B- | G10: ='Personal Grading'!M10 -> PASS
A11: 7 | B11: ='Personal Grading'!A11 -> Hamza Ali Polat | C11: ='Personal Grading'!C11 -> 81 | D11: ='Personal Grading'!J11 -> 68 | E11: ='Personal Grading'!K11 -> 75 | F11: ='Personal Grading'!L11 -> B- | G11: ='Personal Grading'!M11 -> PASS
A12: 8 | B12: ='Personal Grading'!A12 -> Salim Aka | C12: ='Personal Grading'!C12 -> 81 | D12: ='Personal Grading'!J12 -> 81 | E12: ='Personal Grading'!K12 -> 81 | F12: ='Personal Grading'!L12 -> B | G12: ='Personal Grading'!M12 -> PASS
A13: 9 | B13: ='Personal Grading'!A13 -> Berke Darendeli | C13: ='Personal Grading'!C13 -> 81 | D13: ='Personal Grading'!J13 -> 76 | E13: ='Personal Grading'!K13 -> 79 | F13: ='Personal Grading'!L13 -> B- | G13: ='Personal Grading'!M13 -> PASS
A14: 10 | B14: ='Personal Grading'!A14 -> Bilge Sezer | C14: ='Personal Grading'!C14 -> 75 | D14: ='Personal Grading'!J14 -> 80 | E14: ='Personal Grading'!K14 -> 78 | F14: ='Personal Grading'!L14 -> B- | G14: ='Personal Grading'!M14 -> PASS
A15: 11 | B15: ='Personal Grading'!A15 -> Azranur Vardar | C15: ='Personal Grading'!C15 -> 75 | D15: ='Personal Grading'!J15 -> 71 | E15: ='Personal Grading'!K15 -> 73 | F15: ='Personal Grading'!L15 -> C+ | G15: ='Personal Grading'!M15 -> PASS
A16: 12 | B16: ='Personal Grading'!A16 -> Muneeb Ahmad | C16: ='Personal Grading'!C16 -> 73 | D16: ='Personal Grading'!J16 -> 78 | E16: ='Personal Grading'!K16 -> 76 | F16: ='Personal Grading'!L16 -> B- | G16: ='Personal Grading'!M16 -> PASS
... A22: 18 | B22: ='Personal Grading'!A22 -> Harun Işık | C22: ='Personal Grading'!C22 -> 24 | D22: ='Personal Grading'!J22 -> 46 | E22: ='Personal Grading'!K22 -> 35 | F22: ='Personal Grading'!L22 -> F | G22: ='Personal Grading'!M22 -> FAIL
A25: STATISTICS (Auto-calculated)
A26: Total Students: | B26: 18
A27: Passing (≥55): | B27: =COUNTIF(E5:E22,">=55") -> 16
A28: Failing (<55): | B28: =COUNTIF(E5:E22,"<55") -> 2
A29: Pass Rate: | B29: =TEXT(B27/18,"0%") -> 89%
A31: Grade Distribution:
A32: A: | B32: =COUNTIF(F5:F22,"A") -> 2
A33: B+ to B-: | B33: =COUNTIF(F5:F22,"B+")+COUNTIF(F5:F22,"B")+COUNTIF(F5:F22,"B-") -> 9
A34: C+ to C-: | B34: =COUNTIF(F5:F22,"C+")+COUNTIF(F5:F22,"C")+COUNTIF(F5:F22,"C-") -> 5
A35: F: | B35: =COUNTIF(F5:F22,"F") -> 2
A37: Average Score: | B37: =ROUND(AVERAGE(E5:E22),1) -> 73.7
A38: Highest: | B38: =MAX(E5:E22) -> 100
A39: Lowest: | B39: =MIN(E5:E22) -> 35

Sheet Rubric Reference
A1: GRADING RUBRIC REFERENCE
A3: CATEGORY | B3: MAX | C3: CRITERIA | D3: NOTES
A5: PRIMARY (Python & Project) | B5: 60 | D5: Core evaluation - Required
A6: Technical Implementation | B6: 20 | C6: Architecture, core logic, functionality, error handling | D6: Does it work?
A7: Python Code Quality | B7: 20 | C7: PEP8, OOP, advanced features (ast, decorators, generators) | D7: How well written?
A8: Real-World Applicability | B8: 20 | C8: Solves real problem, meets audience needs, practical | D8: Is it useful?
A10: SUPPORTING (Documentation) | B10: 40 | D10: Presentation & Process
A11: GitHub Repository | B11: 8 | C11: Public access (3), commits (2), README (2), organization (1) | D11: Version control
A12: Report Quality | B12: 12 | C12: Technical writing (4), completeness (4), diagrams (4) | D12: Documentation
A13: Testing & Validation | B13: 8 | C13: Unit tests (3), coverage (2), test quality (3) | D13: Quality assurance
A14: Demo & Presentation | B14: 12 | C14: Working demo (5), video (4), feature showcase (3) | D14: Demonstration
A16: BONUS (Theme Integration) | B16: +10 | D16: Optional - Extra credit
A17: AI4SE Integration | B17: +4 | C17: LLM APIs, agents, AI-powered features | D17: Course theme
A18: Blockchain/W3 | B18: +3 | C18: Smart contracts, Web3, decentralized tech | D18: Advised topic
A19: Gamification | B19: +3 | C19: Points, badges, leaderboards, progress tracking | D19: Advised topic
A21: TOTAL POSSIBLE | B21: 110 | C21: 100 Base + 10 Bonus
A24: GRADE SCALE
A25: Grade | B25: Range | C25: Description
A26: A | B26: 90-110 | C26: Outstanding
A27: B+ | B27: 85-89 | C27: Excellent
A28: B | B28: 80-84 | C28: Very Good
A29: B- | B29: 75-79 | C29: Good
A30: C+ | B30: 70-74 | C30: Above Average
A31: C | B31: 65-69 | C31: Average
A32: C- | B32: 55-64 | C32: Below Average (Passing)
A33: F | B33: <55 | C33: Failing
